{"2":1771.2640000000004,"16":906887.1679999996,"11":294694.0479999999,"7":75942.94399999997,"9":161406.43199999997,"10":221408.0,"8":113360.89600000001,"6":47824.128,"4":14170.112,"3":5978.0160000000005,"5":27676.0,"13":486433.3760000001,"14":607543.5520000001,"15":747251.9999999999,"12":382593.02400000003}