{"30":0.3120069281377759,"100":0.3120069281377759,"10":0.31200692813817293,"50":0.3120069281377759,"60":0.3120069281377759,"40":0.3120069281377759,"80":0.3120069281377759,"70":0.3120069281377759,"90":0.3120069281377759,"20":0.3120069281377759}