{"30":0.3120069281377758,"100":0.3120069281377758,"10":0.31200692813817293,"50":0.3120069281377758,"60":0.3120069281377758,"40":0.3120069281377758,"80":0.3120069281377758,"70":0.3120069281377758,"90":0.3120069281377758,"20":0.3120069281377758}