{"50":3159.983814804224,"40":3159.948423832035,"25":2848.9972037306798,"10":942.0882725525018,"35":3158.175672322,"55":3159.9838166777454,"60":3159.983816679064,"5":398.376965583092,"45":3159.9834696086145,"20":2235.8160142741935,"15":1554.4306226295898,"30":3120.112725218672}